{
  "train_loss": [
    0.5148625651071238,
    0.33109811987987786,
    0.25889668180498965,
    0.19730972637270772,
    0.17454574534366296,
    0.13560462448486063,
    0.12681587560232296,
    0.10531387036276418,
    0.07120218643442143,
    0.07911492853836957,
    0.08006093220048865
  ],
  "train_acc": [
    81.3953488372093,
    94.40406976744185,
    97.09302325581395,
    98.83720930232558,
    98.40116279069767,
    99.27325581395348,
    99.4186046511628,
    99.63662790697674,
    99.92732558139535,
    99.56395348837209,
    99.78197674418605
  ],
  "val_loss": [
    0.39527082103653016,
    0.33689622064026037,
    0.3144196480715356,
    0.26218652461661773,
    0.32294997552625176,
    0.2728279884777913,
    0.33185089161606873,
    0.34782798152391603,
    0.29628329293257527,
    0.2801758286093368,
    0.2939163115965266
  ],
  "val_acc": [
    83.33333333333333,
    84.6938775510204,
    85.03401360544218,
    87.75510204081633,
    85.71428571428571,
    88.77551020408163,
    89.45578231292517,
    85.71428571428571,
    88.77551020408163,
    89.1156462585034,
    88.43537414965986
  ]
}