{
  "train_loss": [
    0.27416304427496185,
    0.16240225559652108,
    0.0690788394759525,
    0.049334771851229565,
    0.0703437638193241,
    0.04001943383882827,
    0.04151739225388426,
    0.023612036961643757,
    0.026515149041072324,
    0.022009725619816303,
    0.03176753468430456,
    0.030798084427667877,
    0.01732172912788792,
    0.034239442122351374,
    0.04172885039480182,
    0.02009107996406532,
    0.010290086412774358,
    0.02059829704335575,
    0.026248190330823776,
    0.01673784322875288,
    0.0192593077764925,
    0.00840376348395263,
    0.012294506832486266,
    0.020911414532966178,
    0.019146242704261122,
    0.01784573546484198,
    0.017756735161962772,
    0.024678631570091595,
    0.0037009346267479594,
    0.016175333692005054,
    0.004836315527466393,
    0.0027864185655779353,
    0.0016159864121469108
  ],
  "train_acc": [
    88.05436337625179,
    94.49213161659513,
    97.63948497854078,
    98.14020028612303,
    97.28183118741059,
    98.64091559370529,
    98.78397711015737,
    99.28469241773963,
    98.99856938483548,
    99.07010014306151,
    98.99856938483548,
    99.07010014306151,
    99.35622317596567,
    98.92703862660944,
    98.8555078683834,
    99.4277539341917,
    99.57081545064378,
    99.4277539341917,
    99.14163090128756,
    99.28469241773963,
    99.57081545064378,
    99.78540772532189,
    99.49928469241775,
    99.28469241773963,
    99.28469241773963,
    99.49928469241775,
    99.57081545064378,
    99.07010014306151,
    99.92846924177397,
    99.57081545064378,
    99.85693848354792,
    100.0,
    99.92846924177397
  ],
  "val_loss": [
    0.2648902919751649,
    0.28394553977615977,
    0.2502205915773623,
    0.22863561875142513,
    0.16734037879810093,
    0.18476423644678522,
    0.3522058726018326,
    0.1580333820628129,
    0.1874096989013939,
    0.18517832074719828,
    0.2010179622238185,
    0.28157567559760444,
    0.14661039233676532,
    0.16830504506490915,
    0.17283662328762667,
    0.20759495168522027,
    0.1800237216703201,
    0.242598284251725,
    0.1382416083442196,
    0.33666896922597184,
    0.16119925341384564,
    0.1813730714282082,
    0.12975516410013518,
    0.20592192464115605,
    0.13905288233439358,
    0.17836965016099182,
    0.157484695707825,
    0.17290018531803164,
    0.1956441921568444,
    0.1407913131398593,
    0.21951735987118814,
    0.20652840911176268,
    0.22523484503148758
  ],
  "val_acc": [
    91.49659863945578,
    90.81632653061224,
    91.49659863945578,
    91.83673469387755,
    94.21768707482993,
    94.5578231292517,
    92.85714285714286,
    96.25850340136054,
    95.91836734693878,
    97.27891156462584,
    95.91836734693878,
    92.85714285714286,
    96.25850340136054,
    96.25850340136054,
    96.25850340136054,
    94.89795918367346,
    96.59863945578232,
    93.5374149659864,
    96.25850340136054,
    94.21768707482993,
    95.578231292517,
    95.91836734693878,
    96.59863945578232,
    95.23809523809524,
    96.59863945578232,
    95.23809523809524,
    97.61904761904762,
    95.91836734693878,
    95.91836734693878,
    96.25850340136054,
    96.59863945578232,
    96.59863945578232,
    95.23809523809524
  ]
}