{
  "train_loss": [
    1.5849458475112914,
    0.7071200203895569,
    0.6957621812820435,
    0.694075535774231,
    0.6967221760749817,
    0.6941926922798157,
    0.6940948481559753,
    0.6940585250854492,
    0.6935596308708191,
    0.6939232935905456,
    0.6934430966377259,
    0.6938055114746093,
    0.6934161171913147,
    0.693387369632721,
    0.6933073887825012,
    0.6933616471290588,
    0.6932208380699157,
    0.6932153897285461,
    0.6932326788902283,
    0.6931954202651978,
    0.6931862964630127,
    0.6931629014015198,
    0.6931581673622131,
    0.6931513223648071,
    0.6931490955352784
  ],
  "train_clean_acc": [
    0.502,
    0.476,
    0.48,
    0.5,
    0.51,
    0.5,
    0.496,
    0.472,
    0.484,
    0.482,
    0.48,
    0.482,
    0.482,
    0.484,
    0.472,
    0.5,
    0.48,
    0.49,
    0.486,
    0.5,
    0.482,
    0.5,
    0.5,
    0.5,
    0.5
  ],
  "train_adv_acc": [
    0.497,
    0.476,
    0.48,
    0.5,
    0.51,
    0.5,
    0.496,
    0.472,
    0.484,
    0.482,
    0.48,
    0.482,
    0.482,
    0.484,
    0.472,
    0.5,
    0.48,
    0.49,
    0.486,
    0.5,
    0.482,
    0.5,
    0.5,
    0.5,
    0.5
  ],
  "val_loss": [
    0.693204083442688,
    0.6940189933776856,
    0.693617832660675,
    0.6931733584403992,
    0.6988117694854736,
    0.6931485533714294,
    0.6932004976272583,
    0.6931810975074768,
    0.6931552600860595,
    0.6931482839584351,
    0.6932425785064698,
    0.6931871175765991,
    0.693157525062561,
    0.6931484651565551,
    0.6931481957435608,
    0.6931494188308716,
    0.6931512641906739,
    0.6931509065628052,
    0.6931488227844238,
    0.6931480169296265,
    0.693147988319397,
    0.6931480765342712,
    0.6931478977203369,
    0.6931479573249817,
    0.6931479263305664
  ],
  "val_acc": [
    0.5,
    0.5,
    0.5,
    0.5,
    0.5,
    0.5,
    0.5,
    0.5,
    0.5,
    0.5,
    0.5,
    0.5,
    0.5,
    0.5,
    0.5,
    0.5,
    0.5,
    0.5,
    0.5,
    0.5,
    0.5,
    0.5,
    0.5,
    0.5,
    0.5
  ]
}